experiment,hypothesis,oof_roc_auc,mean_fold_auc,fold_auc_std,fold_scores,n_features,feature_set,configuration,folds,oof_rows
baseline_extra_trees,Reference existing final-pipeline OOF result; unchanged fixed folds.,0.540622826395035,0.5405505691962245,0.0067384681043499445,"[0.5450044847951778, 0.5338970762310606, 0.5376393768750701, 0.5515140871572293, 0.5346978209225841]",28.0,baseline_28,existing final notebook configuration,5,11982
baseline_hist_gradient_boosting,Reference existing final-pipeline OOF result; unchanged fixed folds.,0.5507105739146088,0.561188405316462,0.022946113749089708,"[0.5349714637824837, 0.5396358605587122, 0.5552012642184466, 0.5879132274601303, 0.5882202105625369]",28.0,baseline_28,existing final notebook configuration,5,11982
windows_14_60_180d,Intermediate/longer recency windows capture behavior not represented by 7/30/90-day aggregates.,0.552772143236669,0.5634577693300201,0.0268740898856822,"[0.532468178, 0.535992987, 0.561507917, 0.587817055, 0.59950271]",34.0,"transaction_count,active_days,amount_sum,amount_mean,amount_std,amount_median,amount_min,amount_max,amount_q75,amount_q90,incoming_count,outgoing_count,type_karta_count,type_bank_otkazmasi_count,type_naqd_count,type_xalqaro_count,transaction_count_7d,amount_sum_7d,transaction_count_30d,amount_sum_30d,transaction_count_90d,amount_sum_90d,incoming_share,outgoing_share,days_since_last_transaction,history_span_days,signal_month,signal_day_of_week,transaction_count_14d,amount_sum_14d,transaction_count_60d,amount_sum_60d,transaction_count_180d,amount_sum_180d","{""l2_regularization"": 1.0, ""learning_rate"": 0.07, ""max_iter"": 250, ""max_leaf_nodes"": 31, ""random_state"": 42}",5,11982
velocity_change,Recent per-day transaction and amount intensity relative to the preceding part of each existing window highlights acceleration or deceleration.,0.5543622055838505,0.5665630600661944,0.0295951316158406,"[0.539510921, 0.534820372, 0.558391491, 0.587183154, 0.612909363]",32.0,"transaction_count,active_days,amount_sum,amount_mean,amount_std,amount_median,amount_min,amount_max,amount_q75,amount_q90,incoming_count,outgoing_count,type_karta_count,type_bank_otkazmasi_count,type_naqd_count,type_xalqaro_count,transaction_count_7d,amount_sum_7d,transaction_count_30d,amount_sum_30d,transaction_count_90d,amount_sum_90d,incoming_share,outgoing_share,days_since_last_transaction,history_span_days,signal_month,signal_day_of_week,count_rate_ratio_7d_vs_30d,count_rate_ratio_30d_vs_90d,amount_rate_ratio_7d_vs_30d,amount_rate_ratio_30d_vs_90d","{""l2_regularization"": 1.0, ""learning_rate"": 0.07, ""max_iter"": 250, ""max_leaf_nodes"": 31, ""random_state"": 42}",5,11982
transaction_gap_stats,"Irregular spacing, burstiness, and long inactivity gaps may distinguish escalation behavior.",0.5466945365094579,0.5627362443475121,0.0276115275694894,"[0.545418179, 0.52857925, 0.548705299, 0.59671007, 0.594268424]",38.0,"transaction_count,active_days,amount_sum,amount_mean,amount_std,amount_median,amount_min,amount_max,amount_q75,amount_q90,incoming_count,outgoing_count,type_karta_count,type_bank_otkazmasi_count,type_naqd_count,type_xalqaro_count,transaction_count_7d,amount_sum_7d,transaction_count_30d,amount_sum_30d,transaction_count_90d,amount_sum_90d,incoming_share,outgoing_share,days_since_last_transaction,history_span_days,signal_month,signal_day_of_week,gap_mean_days,gap_median_days,gap_std_days,gap_min_days,gap_q25_days,gap_q75_days,gap_max_days,gap_cv,gap_short_share,gap_long_share","{""l2_regularization"": 1.0, ""learning_rate"": 0.07, ""max_iter"": 250, ""max_leaf_nodes"": 31, ""random_state"": 42}",5,11982
transaction_sequence,Final direction/type and transition rates may add sequence information beyond unordered counts.,0.5549513734222737,0.5708230872368472,0.0249797978422192,"[0.560163341, 0.546448864, 0.54762959, 0.590474757, 0.609398884]",40.0,"transaction_count,active_days,amount_sum,amount_mean,amount_std,amount_median,amount_min,amount_max,amount_q75,amount_q90,incoming_count,outgoing_count,type_karta_count,type_bank_otkazmasi_count,type_naqd_count,type_xalqaro_count,transaction_count_7d,amount_sum_7d,transaction_count_30d,amount_sum_30d,transaction_count_90d,amount_sum_90d,incoming_share,outgoing_share,days_since_last_transaction,history_span_days,signal_month,signal_day_of_week,last_direction_kirim,last_direction_chiqim,last_type_karta,last_type_bank_otkazmasi,last_type_naqd,last_type_xalqaro,last_amount,last_amount_to_mean_ratio,direction_switch_rate,type_switch_rate,direction_transition_count,type_transition_count","{""l2_regularization"": 1.0, ""learning_rate"": 0.07, ""max_iter"": 250, ""max_leaf_nodes"": 31, ""random_state"": 42}",5,11982
combined_feature_groups,"The window, velocity, gap, and sequence groups provide complementary gains when modeled together.",0.5624005470872411,0.5754173468928498,0.027074862179957,"[0.557589242, 0.543329042, 0.567763232, 0.586853659, 0.621551559]",60.0,"transaction_count,active_days,amount_sum,amount_mean,amount_std,amount_median,amount_min,amount_max,amount_q75,amount_q90,incoming_count,outgoing_count,type_karta_count,type_bank_otkazmasi_count,type_naqd_count,type_xalqaro_count,transaction_count_7d,amount_sum_7d,transaction_count_30d,amount_sum_30d,transaction_count_90d,amount_sum_90d,incoming_share,outgoing_share,days_since_last_transaction,history_span_days,signal_month,signal_day_of_week,transaction_count_14d,amount_sum_14d,transaction_count_60d,amount_sum_60d,transaction_count_180d,amount_sum_180d,count_rate_ratio_7d_vs_30d,count_rate_ratio_30d_vs_90d,amount_rate_ratio_7d_vs_30d,amount_rate_ratio_30d_vs_90d,gap_mean_days,gap_median_days,gap_std_days,gap_min_days,gap_q25_days,gap_q75_days,gap_max_days,gap_cv,gap_short_share,gap_long_share,last_direction_kirim,last_direction_chiqim,last_type_karta,last_type_bank_otkazmasi,last_type_naqd,last_type_xalqaro,last_amount,last_amount_to_mean_ratio,direction_switch_rate,type_switch_rate,direction_transition_count,type_transition_count","{""l2_regularization"": 1.0, ""learning_rate"": 0.07, ""max_iter"": 250, ""max_leaf_nodes"": 31, ""random_state"": 42}",5,11982
subset_activity_no_amount,"Counts, activity, and recency may be more robust than noisy amount magnitude statistics.",0.5147372883831497,0.5203428553469823,0.0132260943154476,"[0.515783125, 0.501074589, 0.514720203, 0.53212658, 0.53800978]",17.0,"transaction_count,active_days,incoming_count,outgoing_count,type_karta_count,type_bank_otkazmasi_count,type_naqd_count,type_xalqaro_count,transaction_count_7d,transaction_count_30d,transaction_count_90d,incoming_share,outgoing_share,days_since_last_transaction,history_span_days,signal_month,signal_day_of_week","{""l2_regularization"": 1.0, ""learning_rate"": 0.07, ""max_iter"": 250, ""max_leaf_nodes"": 31, ""random_state"": 42}",5,11982
subset_without_calendar,Removing global calendar fields tests whether gains come from activity rather than date memorization.,0.5496991937973358,0.563776524529505,0.0315630612236171,"[0.529008301, 0.534843306, 0.552891418, 0.596879835, 0.605259762]",26.0,"transaction_count,active_days,amount_sum,amount_mean,amount_std,amount_median,amount_min,amount_max,amount_q75,amount_q90,incoming_count,outgoing_count,type_karta_count,type_bank_otkazmasi_count,type_naqd_count,type_xalqaro_count,transaction_count_7d,amount_sum_7d,transaction_count_30d,amount_sum_30d,transaction_count_90d,amount_sum_90d,incoming_share,outgoing_share,days_since_last_transaction,history_span_days","{""l2_regularization"": 1.0, ""learning_rate"": 0.07, ""max_iter"": 250, ""max_leaf_nodes"": 31, ""random_state"": 42}",5,11982
hgb_smoother,A smaller tree and stronger regularization may stabilize chronological drift.,0.560377712836635,0.5718963766822329,0.0271154885733957,"[0.544039198, 0.547347005, 0.560033531, 0.59726536, 0.610796789]",28.0,"transaction_count,active_days,amount_sum,amount_mean,amount_std,amount_median,amount_min,amount_max,amount_q75,amount_q90,incoming_count,outgoing_count,type_karta_count,type_bank_otkazmasi_count,type_naqd_count,type_xalqaro_count,transaction_count_7d,amount_sum_7d,transaction_count_30d,amount_sum_30d,transaction_count_90d,amount_sum_90d,incoming_share,outgoing_share,days_since_last_transaction,history_span_days,signal_month,signal_day_of_week","{""l2_regularization"": 2.0, ""learning_rate"": 0.05, ""max_iter"": 300, ""max_leaf_nodes"": 15, ""random_state"": 42}",5,11982
hgb_more_regularized,Stronger L2 regularization may improve temporal robustness without reducing useful capacity.,0.5590132020966085,0.5712380203060652,0.0288711468414589,"[0.551726708, 0.535469194, 0.561540806, 0.591427281, 0.616026112]",28.0,"transaction_count,active_days,amount_sum,amount_mean,amount_std,amount_median,amount_min,amount_max,amount_q75,amount_q90,incoming_count,outgoing_count,type_karta_count,type_bank_otkazmasi_count,type_naqd_count,type_xalqaro_count,transaction_count_7d,amount_sum_7d,transaction_count_30d,amount_sum_30d,transaction_count_90d,amount_sum_90d,incoming_share,outgoing_share,days_since_last_transaction,history_span_days,signal_month,signal_day_of_week","{""l2_regularization"": 5.0, ""learning_rate"": 0.05, ""max_iter"": 300, ""max_leaf_nodes"": 31, ""random_state"": 42}",5,11982
extra_trees_robust,Fewer candidate features and larger leaves may lower variance under changing date blocks.,0.5444596215746353,0.5446412216350532,0.0051739716706689,"[0.545226861, 0.539976178, 0.541524282, 0.554409293, 0.542069495]",28.0,"transaction_count,active_days,amount_sum,amount_mean,amount_std,amount_median,amount_min,amount_max,amount_q75,amount_q90,incoming_count,outgoing_count,type_karta_count,type_bank_otkazmasi_count,type_naqd_count,type_xalqaro_count,transaction_count_7d,amount_sum_7d,transaction_count_30d,amount_sum_30d,transaction_count_90d,amount_sum_90d,incoming_share,outgoing_share,days_since_last_transaction,history_span_days,signal_month,signal_day_of_week","{""class_weight"": ""balanced"", ""max_features"": 0.6, ""min_samples_leaf"": 10, ""n_estimators"": 300, ""n_jobs"": -1, ""random_state"": 42}",5,11982
lightgbm_diverse,A regularized boosting family may add ranking diversity to the two sklearn tree baselines.,0.5697753839558446,0.573776277352175,0.0192665307774394,"[0.560782019, 0.561125044, 0.560534886, 0.575961932, 0.610477504]",28.0,"transaction_count,active_days,amount_sum,amount_mean,amount_std,amount_median,amount_min,amount_max,amount_q75,amount_q90,incoming_count,outgoing_count,type_karta_count,type_bank_otkazmasi_count,type_naqd_count,type_xalqaro_count,transaction_count_7d,amount_sum_7d,transaction_count_30d,amount_sum_30d,transaction_count_90d,amount_sum_90d,incoming_share,outgoing_share,days_since_last_transaction,history_span_days,signal_month,signal_day_of_week","{""class_weight"": ""balanced"", ""colsample_bytree"": 0.8, ""learning_rate"": 0.03, ""max_depth"": -1, ""min_child_samples"": 30, ""n_estimators"": 350, ""n_jobs"": -1, ""num_leaves"": 15, ""random_state"": 42, ""reg_lambda"": 2.0, ""subsample"": 0.8, ""verbosity"": -1}",5,11982
xgboost_diverse,A shallow regularized boosting family may add complementary OOF ranking errors.,0.574200483453167,0.580408935935482,0.0230823756390663,"[0.566858233, 0.558793871, 0.565889365, 0.588399107, 0.622104103]",28.0,"transaction_count,active_days,amount_sum,amount_mean,amount_std,amount_median,amount_min,amount_max,amount_q75,amount_q90,incoming_count,outgoing_count,type_karta_count,type_bank_otkazmasi_count,type_naqd_count,type_xalqaro_count,transaction_count_7d,amount_sum_7d,transaction_count_30d,amount_sum_30d,transaction_count_90d,amount_sum_90d,incoming_share,outgoing_share,days_since_last_transaction,history_span_days,signal_month,signal_day_of_week","{""colsample_bytree"": 0.8, ""eval_metric"": ""logloss"", ""learning_rate"": 0.03, ""max_depth"": 3, ""min_child_weight"": 10, ""n_estimators"": 350, ""n_jobs"": -1, ""random_state"": 42, ""reg_lambda"": 3.0, ""subsample"": 0.8}",5,11982
xgboost_enriched,"The strongest first-pass model family may benefit from the complementary recency, velocity, gap, and sequence features.",0.5777373655572284,0.5834902214043601,0.0226940142529921,"[0.577934808, 0.55559415, 0.569970801, 0.591481639, 0.622469709]",60.0,"transaction_count,active_days,amount_sum,amount_mean,amount_std,amount_median,amount_min,amount_max,amount_q75,amount_q90,incoming_count,outgoing_count,type_karta_count,type_bank_otkazmasi_count,type_naqd_count,type_xalqaro_count,transaction_count_7d,amount_sum_7d,transaction_count_30d,amount_sum_30d,transaction_count_90d,amount_sum_90d,incoming_share,outgoing_share,days_since_last_transaction,history_span_days,signal_month,signal_day_of_week,transaction_count_14d,amount_sum_14d,transaction_count_60d,amount_sum_60d,transaction_count_180d,amount_sum_180d,count_rate_ratio_7d_vs_30d,count_rate_ratio_30d_vs_90d,amount_rate_ratio_7d_vs_30d,amount_rate_ratio_30d_vs_90d,gap_mean_days,gap_median_days,gap_std_days,gap_min_days,gap_q25_days,gap_q75_days,gap_max_days,gap_cv,gap_short_share,gap_long_share,last_direction_kirim,last_direction_chiqim,last_type_karta,last_type_bank_otkazmasi,last_type_naqd,last_type_xalqaro,last_amount,last_amount_to_mean_ratio,direction_switch_rate,type_switch_rate,direction_transition_count,type_transition_count","{""colsample_bytree"": 0.8, ""eval_metric"": ""logloss"", ""learning_rate"": 0.03, ""max_depth"": 3, ""min_child_weight"": 10, ""n_estimators"": 350, ""n_jobs"": -1, ""random_state"": 42, ""reg_lambda"": 3.0, ""subsample"": 0.8}",5,11982
xgboost_shallow,A shallower tree with slower learning and stronger regularization may be more stable across forward periods.,0.5782054924653626,0.5846214970551414,0.0248769352922164,"[0.570862248, 0.556754927, 0.568971298, 0.602231198, 0.624287813]",28.0,"transaction_count,active_days,amount_sum,amount_mean,amount_std,amount_median,amount_min,amount_max,amount_q75,amount_q90,incoming_count,outgoing_count,type_karta_count,type_bank_otkazmasi_count,type_naqd_count,type_xalqaro_count,transaction_count_7d,amount_sum_7d,transaction_count_30d,amount_sum_30d,transaction_count_90d,amount_sum_90d,incoming_share,outgoing_share,days_since_last_transaction,history_span_days,signal_month,signal_day_of_week","{""colsample_bytree"": 0.8, ""eval_metric"": ""logloss"", ""learning_rate"": 0.025, ""max_depth"": 2, ""min_child_weight"": 15, ""n_estimators"": 500, ""n_jobs"": -1, ""random_state"": 42, ""reg_lambda"": 5.0, ""subsample"": 0.8}",5,11982
forward_blend_hgb_lightgbm_diverse,A blend weight selected on prior chronological OOF folds may exploit diversity without using later-fold labels.,0.5658972137986463,,,"[0.5, 0.75, 0.75, 0.75, 0.75]",,OOF blend only,"{""candidate_weight_grid"": [0.25, 0.5, 0.75], ""weights_by_fold"": [0.5, 0.75, 0.75, 0.75, 0.75]}",5,11982
forward_blend_hgb_xgboost_diverse,A blend weight selected on prior chronological OOF folds may exploit diversity without using later-fold labels.,0.5701411959968957,,,"[0.5, 0.75, 0.75, 0.75, 0.75]",,OOF blend only,"{""candidate_weight_grid"": [0.25, 0.5, 0.75], ""weights_by_fold"": [0.5, 0.75, 0.75, 0.75, 0.75]}",5,11982
forward_blend_hgb_xgboost_enriched,A blend weight selected on prior chronological OOF folds may exploit diversity without using later-fold labels.,0.573356675695968,,,"[0.5, 0.75, 0.75, 0.75, 0.75]",,OOF blend only,"{""candidate_weight_grid"": [0.25, 0.5, 0.75], ""weights_by_fold"": [0.5, 0.75, 0.75, 0.75, 0.75]}",5,11982
forward_blend_hgb_xgboost_shallow,A blend weight selected on prior chronological OOF folds may exploit diversity without using later-fold labels.,0.5730571820447696,,,"[0.5, 0.75, 0.75, 0.75, 0.75]",,OOF blend only,"{""candidate_weight_grid"": [0.25, 0.5, 0.75], ""weights_by_fold"": [0.5, 0.75, 0.75, 0.75, 0.75]}",5,11982
forward_blend_hgb_hgb_smoother,A blend weight selected on prior chronological OOF folds may exploit diversity without using later-fold labels.,0.5592013015773514,,,"[0.5, 0.75, 0.75, 0.75, 0.75]",,OOF blend only,"{""candidate_weight_grid"": [0.25, 0.5, 0.75], ""weights_by_fold"": [0.5, 0.75, 0.75, 0.75, 0.75]}",5,11982
forward_blend_hgb_hgb_more_regularized,A blend weight selected on prior chronological OOF folds may exploit diversity without using later-fold labels.,0.5571085961660075,,,"[0.5, 0.75, 0.75, 0.75, 0.75]",,OOF blend only,"{""candidate_weight_grid"": [0.25, 0.5, 0.75], ""weights_by_fold"": [0.5, 0.75, 0.75, 0.75, 0.75]}",5,11982
